{
  "project_info": {
    "project_number": "933549166549",
    "project_id": "museoscali123",
    "storage_bucket": "museoscali123.firebasestorage.app"
  },
  "client": [
    {
      "client_info": {
        "mobilesdk_app_id": "1:933549166549:android:a9f08818f7b252dea8375c",
        "android_client_info": {
          "package_name": "com.example.museoscali"
        }
      },
      "oauth_client": [],
      "api_key": [
        {
          "current_key": "AIzaSyBM4mtWUa-KEl885GhdRNFRJpysfIVniUI"
        }
      ],
      "services": {
        "appinvite_service": {
          "other_platform_oauth_client": []
        }
      }
    }
  ],
  "configuration_version": "1"
}